1,Дядик,Вадим,Вадимович,dUFAT005@gmail.com,22,0505317728,19745
2,Главацький,Юрій,Миколайович,vBDzs961@ukr.net,33,0677199443,15490
3,Філінюк,Руслан,Ігорович,ohpgz275@rambler.ru,35,0939466730,12428
4,Лук’янчук,Олександр,Григорович,NLXIx246@Outlook.com,34,0934076877,16434
5,Рижий,Дмитро,Миколайович,jqrkZ093@i.ua,58,0978017286,14608
6,Русс,Костянтин,Станіславович,hzciN892@hotmail.com,46,0504542534,13199
7,Головчук,Микола,Олександрович,nuAKt636@ukr.net,49,0939386130,15451
8,Денисюк,Олександр,Олексійович,EtYhK359@rambler.ru,59,0672609091,15364
9,Гринчук,Олексій,Анатолійович,XjNzI480@gmail.com,30,0931296403,9252
10,Поліщук,Павло,Леонідович,yvjjV198@rambler.ru,56,0670787808,22114
11,Камінський,Володимир,Володимирович,kLQfa863@i.ua,53,0679060846,14799
12,Троцюк,Олександр,Михайлович,ygbCu076@hotmail.com,36,0508710273,18373
13,Лех,Владислав,Валентинович,tfCaL918@i.ua,59,0979131062,23211
14,Шубец,Віктор,Юрійович,bgObi135@Outlook.com,65,0972232620,23888
15,Пожарний,Роман,Володимирович,Bpqft054@gmail.com,75,0971555126,13964
16,Гребенюк,Вячеслав,Володимирович,IGhcL088@hotmail.com,53,0675695589,11910
17,Сардига,Юрій,Васильович,SuBrs804@ukr.net,25,0675779177,23490
18,Шевчук,Сергій,Петрович,vsCuQ831@ukr.net,31,0931884811,15299
19,Сидорук,Микола,Костянтинович,OenkN975@hotmail.com,71,0677740881,20939
20,Левчук,Сергій,Андрійович,vUfoS491@Outlook.com,46,0674536480,22005
21,Зламан,Юрій,Миколайович,JDGbE294@ukr.net,77,0677952432,17751
22,Іщенко,Ігор,Олександрович,HLCaN786@i.ua,70,0508640061,16522
23,Голодняк,Вадим,Васильович,cOvME785@rambler.ru,26,0678639890,13115
24,Чоп,Сергій,Сергійович,xlblj699@hotmail.com,28,0677912619,16142
25,Заболотній,Петро,Васильович,tYGDE784@hotmail.com,46,0979788501,21975
26,Уманцев,Сергій,Євгенович,vDZkM567@ukr.net,64,0934407622,20078
27,Пашкевич,Микола,Олександрович,ngMjs869@hotmail.com,56,0506748588,13931
28,Петрик,Ігор,Леонідович,EjZVZ597@gmail.com,32,0671525891,9922
29,Костюк,Віктор,Петрович,yAtoT001@gmail.com,61,0502396757,14363
30,Грицай,Володимир,Васильович,buNrZ170@ukr.net,55,0933875534,14724
31,Кривошей,Михайло,Михайлович,odmsz388@Outlook.com,33,0938539357,21440
32,Семещук,Руслан,Григорович,yILhc319@gmail.com,20,0937507480,17587
33,Свінціцький,Володимир,Валентинович,ebEmK652@i.ua,61,0933584544,8901
34,Гладкий,Валерій,Олександрович,bgljF274@Outlook.com,70,0936023750,12264
35,Семенюк,Костянтин,Ярославович,sMfEA966@rambler.ru,46,0671404611,14043
36,Залевський,Микола,Миколайович,CDQPL269@gmail.com,38,0505794406,22922
37,Кузло,Андрій,Анатолійович,YIQJA543@gmail.com,20,0972132904,18885
38,Кашернюк,Іван,Миколайович,pjHiS111@i.ua,27,0976315268,19973
39,Веремчук,Микола,Васильович,KgxdV354@gmail.com,26,0679727174,14630
40,Козак,Артем,Євгенійович,LDUBF126@hotmail.com,75,0506105075,9990
41,Смужевич,Андрій,Васильович,pyNGf630@gmail.com,27,0970311469,20703
42,Лагнюк,Руслан,Володимирович,rPHen336@hotmail.com,20,0971141506,19158
43,Максай,Сергій,Олександрович,HKrKH619@rambler.ru,49,0971747556,8788
44,Герасимчук,Олександр,Михайлович,uGMDS200@rambler.ru,41,0973062731,12155
45,Янківський,Леонід,Віталійович,brlbA513@hotmail.com,40,0932342889,13204
46,Кірсанов,Євген,Юрійович,QonGd441@rambler.ru,56,0508188180,10537
47,Вітрук,Дмитро,Богданович,mvoBj917@Outlook.com,73,0678153099,22112
48,Іванюк,Геннадій,Вікторович,PJoka228@ukr.net,55,0934010061,11024
49,Карпюк,Михайло,Валерійович,cgBxt980@rambler.ru,60,0970552291,16309
50,Касаткін,Євген,Володимирович,izamV480@Outlook.com,56,0674204518,13901
52,Степанець,Вадим,Павлович,IQTgC239@i.ua,21,0933140080,13114
53,Горжий,Сергій,Станіславович,kyYYi449@gmail.com,34,0974328892,23539
54,Карпюк,Василь,Орестович,irYLq556@rambler.ru,65,0673916107,19974
55,Паламарчук,Віктор,Володимирович,vcpjQ031@ukr.net,70,0679664892,17879
56,Новіков,Олег,Станіславович,CABmP185@gmail.com,27,0679709041,22139
57,Чикун,Михайло,Сергійович,bKaUc191@hotmail.com,55,0670175963,15358
58,Федорченко,Віктор,Олександрович,OscKd522@ukr.net,70,0678697383,20419
59,Кравчук,Олег,Васильович,eNtfz072@ukr.net,31,0671564922,15102
60,Павлов,Костянтин,Сергійович,QmOFp964@Outlook.com,40,0501539108,23525
61,Матвейчук,Сергій,Євгенович,EJxLS689@hotmail.com,50,0935849223,10991
62,Стельмах,Валерій,Іванович,SoqZH807@rambler.ru,50,0502654161,12445
63,Козяр,Роман,Якович,vgZiu756@i.ua,77,0677892659,23474
64,Новицький,Данііл,Євгенович,soDLn955@Outlook.com,78,0978567752,23671
65,Кідун,Роман,Юрійович,nsXmn502@hotmail.com,68,0931682192,10585
66,Кулеша,Олексій,Григорович,KXkCM982@Outlook.com,74,0508780824,20376
67,Козачок,Віталій,Васильович,XyoVO139@rambler.ru,27,0970405926,11301
68,Кукурудза,Андрій,Ростиславович,szmud046@gmail.com,74,0679706455,14827
69,Якименко,Євген,Сергійович,XZZcZ369@Outlook.com,40,0935376453,17179
70,Бондаренко,Олександр,Анатолійович,uptaE601@Outlook.com,25,0976616240,16824
71,Котяш,Олександр,Васильович,hiOYI921@i.ua,51,0671056968,15743
72,Онохін,Ярослав,Вячеславович,BXlds146@i.ua,54,0501723051,19626
73,Воробей,Андрій,Сергійович,mIMeX440@hotmail.com,22,0931416037,9684
74,Петруняк,Юрій,Валерійович,LBkVh817@ukr.net,39,0973549224,20338
75,Русальчук,Микола,Володимирович,EUVnf470@rambler.ru,49,0971522904,12123
76,Павлюк,Ігор,Геннадійович,FInpz894@i.ua,61,0679313179,8570
77,Кручок,Андрій,Степанович,VHMdd662@ukr.net,45,0678886334,9735
78,Шварц,Назар,Сергійович,rxgiK392@gmail.com,23,0672468075,22707
79,Лепеха,Олег,Миколайович,ltzxZ278@rambler.ru,56,0933085506,8372
80,Тарасюк,Олег,Вікторович,tkpvT008@gmail.com,74,0937563013,8176
81,Козачок,Анатолій,Васильович,KOYSJ173@gmail.com,77,0507667324,14985
82,Мельничук,Володимир,Олександрович,PtQXH892@gmail.com,33,0932211195,20399
83,Куришко,Сергій,Іванович,ZfUNI299@i.ua,48,0677781746,12518
84,Хижняк,Микола,Васильович,MZYzr035@rambler.ru,41,0678053453,14559
85,Полевода,Сергій,Олександрович,IaMUf389@rambler.ru,33,0976369204,19809
86,Лютко,Віталій,Михайлович,hpVKK347@i.ua,53,0979210852,8622
87,Бочкор,Іван,Іванович,fbYOf569@hotmail.com,38,0978327431,8026
88,Новак,Руслан,Олександрович,BSKAo069@i.ua,39,0977393114,11591
89,Сологуб,Віктор,Сергійович,kUsCz583@ukr.net,70,0678575632,19546
90,Олійник,Богдан,Миколайович,EXmGi167@Outlook.com,34,0670955692,19907
91,Якимець,Петро,Олегович,ImZNA573@ukr.net,52,0933845487,21455
92,Сазонов,Михайло,Олександрович,gCfTL990@rambler.ru,33,0975969935,16058
93,Юськов,Костянтин,Петрович,OSKEq963@hotmail.com,20,0670018180,12819
94,Шипурьов,Олександр,Валентинович,usPDT250@hotmail.com,66,0504051934,21267
95,Котнюк,Іван,Григорович,dUqmz279@i.ua,40,0934907189,21419
96,Лукашук,Наталія,Іванівна,aqLSx439@i.ua,21,0673498011,11053
97,Євтушок,Олександр,Миколайович,bTvSP226@i.ua,79,0937087278,16801
98,Конарєв,Сергій,Володимирович,jlUdj523@i.ua,71,0939714627,12919
99,Поліщук,Володимир,Анатолійович,yFGks952@gmail.com,54,0974669992,17388
100,Заграничний,Сергій,Васильович,DdFGu740@rambler.ru,70,0978922245,19525
101,Шийка,Василь,Петрович,PpFSN595@Outlook.com,37,0973719028,20453
102,Кириченко,В’ячеслав,Віталійович,NrjXH158@Outlook.com,78,0501419909,19371
104,Бобрусь,Роман,Іванович,bVGeE933@hotmail.com,31,0937975729,21377
105,Горкун,Іван,Миколайович,iTCnt669@hotmail.com,47,0676194032,12790
106,Сосновчик,Олександр,Іванович,sJFQY741@ukr.net,58,0931517556,20337
107,Мацарський,Євгеній,Сергійович,AdyNC020@ukr.net,46,0673460699,24188
108,Бендарчук,Дмитро,Олександрович,ckExd746@hotmail.com,71,0679653272,10392
109,Ветров,Дмитро,Валерійович,hUuID766@rambler.ru,41,0509191900,15307
110,Слободянюк,Олександр,Володимирович,IbiMm648@gmail.com,43,0975458658,9197
111,Тюхтій,Леонід,Григорович,NZDhK105@rambler.ru,38,0973814625,15207
112,Чича,Олексій,Анатолійович,uCIKx398@ukr.net,38,0971966018,18798
113,Захарчук,Микола,Іванович,PcNeL333@i.ua,40,0504273109,24120
114,Романюк,Артем,Васильович,DUTde781@hotmail.com,68,0979831989,21457
115,Масник,Сергій,Володимирович,LoLqK385@rambler.ru,69,0504145222,19699
116,Бемчук,Анатолій,Миколайович,GFutf888@Outlook.com,56,0679182216,14872
118,Гутнік,Олександр,Анатолійович,eeQvE675@rambler.ru,74,0502266070,16427
119,Береговий,Іван,Миколайович,lAzct858@ukr.net,59,0933908296,8492
120,Коханюк,Сергій,Ростиславович,ZqIHA082@i.ua,36,0672132027,20930
121,Саюк,Леонід,Ярославович,YucPL984@i.ua,71,0505405534,9557
122,Стасюк,Віктор,Вікторович,HpXDY301@hotmail.com,28,0678162897,15318
123,Підручний,Павло,Віталійович,TEoht497@ukr.net,70,0936988938,10226
124,Пінчук,Олексій,Андрійович,KJVCL953@rambler.ru,79,0505325994,17370
125,Терновик,Олександр,Ігорович,qQYGA197@Outlook.com,39,0934709559,15818
126,Фурман,Іван,Тарасович,VRarp935@hotmail.com,26,0935007594,16068
127,Прохонюк,Руслан,Анатолійович,zVJjU417@hotmail.com,68,0971527859,15002
128,Керніцький,Руслан,Вікторович,xGJLd896@i.ua,32,0931248552,19555
129,Овсійчук,Віталій,Леонідович,xrkfJ033@rambler.ru,54,0930776639,13236
130,Кучмич,Іван,Сильвестрович,dSFGd312@i.ua,61,0507062987,9852
132,Гаврильчик,Олександр,Михайлович,oOhFO806@i.ua,58,0974689530,21758
133,Фінкевич,Костянтин,Ростиславович,aVnyG081@gmail.com,67,0505251065,24568
134,Ковтуцький,Андрій,Анатолійович,HOKUa856@i.ua,61,0670943106,10844
135,Семенюк,Олександр,Володимирович,PgCFH464@Outlook.com,24,0975098964,13730
136,Немира,Олександр,Миколайович,QrNvc755@ukr.net,25,0933961395,11155
137,Андрощук,Олексій,Володимирович,ozzEu548@rambler.ru,44,0679098464,15392
138,Названов,Сергій,Олегович,yubMm206@ukr.net,47,0930648723,15923
139,Іщук,Федір,Миколайович,zByrg689@ukr.net,58,0972523771,8601
140,Канарейкін,Сергій,Віталійович,RdlkJ875@i.ua,61,0938425056,19720
141,Боярчук,Микола,Васильович,yXQDV432@ukr.net,47,0501822855,14652
142,Шапкін,Олексій,Євгенович,lMqze534@gmail.com,28,0504812038,21725
143,Бернацький,Андрій,Миколайович,JFoiH185@i.ua,38,0973522872,24629
144,Дідушок,Олександр,Юрійович,MtPhe245@rambler.ru,51,0972048136,21393
145,Кордиш,Сергій,Миколайович,OmFXT819@ukr.net,34,0505722129,9389
146,Матюх,Олександр,Миколайович,ZUREc953@Outlook.com,30,0936802796,18432
147,Басікашвілі,Сергій,Таріелович,kiRce978@gmail.com,42,0500857313,17911
148,Хомяк,Юрій,Васильович,bgYUu741@gmail.com,78,0977960395,14821
149,Мотринець,Ярослав,Іванович,RIOVF378@i.ua,31,0936695936,13249
150,Патійчук,Дмитро,Дмитрович,VZHIq784@ukr.net,20,0970719905,20929
151,Вакулюк,Петро,Сергійович,mQssa354@i.ua,33,0936862402,22990
152,Бойчук,Олесь,Юрійович,zYtXG889@gmail.com,45,0678804643,10283
153,Стрілець,Сергій,Миколайович,UtTvC130@hotmail.com,43,0931184588,17665
154,Шуст,Сергій,Вікторович,KBiyY533@Outlook.com,35,0671481117,23849
155,Іваницький,Володимир,Миколайович,NENkb403@ukr.net,63,0931080917,15597
156,Ганіткевич,Тарас,Богданович,pPQKf183@gmail.com,37,0976311798,15084
157,Кубай,Олександр,Юрійович,xzoaX041@Outlook.com,44,0939623151,17919
158,Павлюк,Андрій,Гнатович,khfdj023@Outlook.com,56,0503681921,8423
159,Садовник,Тарас,Вікторович,OFNKh333@Outlook.com,43,0674715476,23506
160,Вознюк,Олександр,Петрович,BIvGU781@Outlook.com,72,0675418950,20308
161,Панчук,Олександр,Васильович,dLdPa077@hotmail.com,72,0502645489,13670
162,Кузін,Микола,Павлович,PgGvX229@ukr.net,26,0504391840,10257
163,Куделько,Сергій,Миколайович,HQoXk303@hotmail.com,53,0500171496,11249
164,Ралко,Ігор,Юрійович,JNxyz116@hotmail.com,48,0671800169,16121
165,Лапчук,Микола,Дмитрович,jjNDR167@rambler.ru,26,0979560224,13340
166,Котяш,Іван,Леонідович,iVVty121@gmail.com,37,0937118223,13662
167,Денисенко,Віталій,Миколайович,nsaIo883@Outlook.com,35,0932996348,11686
168,Расевич,Олександр,Степанович,tVklJ308@hotmail.com,67,0973770701,13343
169,Кононенко,Валерій,Миколайович,QLMBT488@hotmail.com,49,0501055815,12825
170,Савенко,Антон,Олександрович,lPFiV362@Outlook.com,51,0972990748,13019
171,Лівушевський,Артем,Станіславович,heomY098@hotmail.com,26,0670121441,10226
172,Бурак,Анатолій,Михайлович,RcYJX326@ukr.net,75,0675317264,24339
173,Власенко,Віктор,Олександрович,cPvmH685@hotmail.com,72,0935787401,15870
174,Копаниця,Олександр,Сергійович,novVz633@rambler.ru,24,0933384175,15058
175,Царик,Валентин,Васильович,jePhq360@Outlook.com,53,0974146660,12324
176,Филимонюк,Віталій,Петрович,iPrzi197@ukr.net,74,0676945439,16480
177,Ващейкін,Юрій,Миколайович,asGzJ903@rambler.ru,71,0932664875,9853
178,Колосок,Роман,Миколайович,EXOLB601@rambler.ru,39,0970100126,15667
179,Воронюк,Микола,Михайлович,gSSot566@gmail.com,30,0505875517,15246
180,Наконечний,Антон,Андрійович,CMtgT573@rambler.ru,69,0678339887,23817
181,Шевцов,Микола,Миколайович,slrXr844@ukr.net,43,0506148583,23596
182,Прокопчук,Андрій,Миколайович,MiJOC423@Outlook.com,62,0506618335,22936
183,Малий,Ігор,Валентинович,emBrK707@rambler.ru,62,0935911539,21183
184,Петрик,Юрій,Вячеславович,pnYhf367@hotmail.com,61,0976532091,18533
185,Барда,Василь,Анатолійович,VUqlY428@i.ua,22,0508855390,14510
186,Іванюк,Віталій,Анатолійович,GZlzl431@hotmail.com,74,0933545264,24781
187,Каленюк,Анатолій,Анатолійович,UtpXR864@i.ua,63,0676491139,22695
188,Правосуд,Богдан,Олександрович,OvrJI818@gmail.com,38,0974805401,19127
189,Султанов,Олександр,Ахтемович,CmjFI449@i.ua,69,0934430892,15185
190,Оксенюк,Олександр,Віталійович,uRgkm537@hotmail.com,51,0676299288,23491
191,Твердохліб,Павло,В’ячеславович,znUVf045@hotmail.com,39,0505185056,22752
192,Лазарко,Ярослав,Мирославович,Ixqva959@i.ua,65,0972625683,18389
193,Овсяний,Денис,Володимирович,VvdmE234@gmail.com,48,0936256786,16615
194,Пилипей,Микола,Петрович,UHXGi160@hotmail.com,74,0670019800,9538
195,Ревко,Валентин,Олегович,JFMCP219@Outlook.com,37,0670821530,12276
197,Іллюк,Андрій,Миколайович,JtXjT602@ukr.net,56,0677468484,15274
198,Стрихарчук,Ярослав,Євгенійович,lNAvJ887@ukr.net,54,0675138946,12953
199,Коваленко,Кирило,Геннадійович,Uzkmk781@gmail.com,65,0930240700,21497
200,Шилан,Юрій,Васильович,kCSLv676@gmail.com,42,0973907043,9749
201,Кондратюк,Антон,Миколайович,pmmSm708@i.ua,46,0935908862,16721
202,Семенюк,Петро,Петрович,JHbEa377@ukr.net,49,0972288162,23011
203,Бойко,Валентин,Валерійович,RSvam437@i.ua,38,0501432195,15179
204,Штангрет,Юрій,Вікторович,osFPv892@hotmail.com,70,0677681557,10502
205,Полюхович,Павло,Павлович,GDmqb271@hotmail.com,58,0936409881,16553
206,Степчин,Віталій,Валерійович,AXSOC395@i.ua,76,0674638996,18562
207,Костюкевич,Андрій,Іванович,JSRdJ283@ukr.net,21,0679424585,21024
208,Прошин,Анатолій,Анатолійович,dthnt666@ukr.net,38,0974719518,9214
209,Тарасюк,Михайло,Леонідович,dbIEK613@hotmail.com,34,0970378105,21367
210,Зиль,Вадим,Васильович,gBAjo570@ukr.net,33,0679804764,22874
211,Недашковський,Валерій,Миколайович,PIyAk456@gmail.com,53,0976669065,12307
212,Жуковський,Адам,Адамович,HcmVa258@rambler.ru,25,0937907266,15650
213,Савченко,Сергій,Вікторович,MUOqo999@i.ua,21,0971401244,14437
214,Чернов,Юрій,Олексійович,uuKAV761@Outlook.com,45,0503563513,9513
215,Мирончук,Олександр,Вікторович,SOhvQ717@gmail.com,62,0932638382,13917
216,Ілючок,Олег,Юрійович,YZmMz776@Outlook.com,53,0502059378,19226
217,Галда,Сергій,Васильович,vlElJ503@i.ua,42,0936307539,17192
218,Нечипорик,Андрій,Андрійович,HBYqX611@rambler.ru,39,0975795059,15457
219,Сапожніков,Володимир,Вікторович,qRtVA269@ukr.net,41,0503082336,15598
220,Якимець,Сергій,Миколайович,pjhNq468@rambler.ru,50,0509564380,24133
221,Савчук,Денис,Юрійович,yYgVL317@hotmail.com,48,0933165373,12128
222,Шелігацький,Валентин,Михайлович,uyvAs861@ukr.net,43,0937568267,24166
223,Любарський,Андрій,Миколайович,TLiof664@ukr.net,20,0678490175,18651
224,Андріанов,Михайло,Володимирович,xNdxa534@i.ua,23,0507766459,14536
225,Кириленко,Олександр,Миколайович,Mijdp762@hotmail.com,56,0500005496,19855
226,Журавський,Ілля,Володимирович,xchcV490@gmail.com,69,0508848239,8921
227,Фаріон,Сергій,Іванович,tQmmB850@hotmail.com,58,0674213916,9010
228,Наконечний,Андрій,Васильович,aGJOq071@hotmail.com,75,0509172169,15654
229,Савчук,Роман,Григорович,mREVR110@ukr.net,67,0673927972,14502
230,Гринюк,Олександр,Васильович,ULoKk132@rambler.ru,33,0675140855,12885
231,Лісовий,Андрій,Вікторович,rscCm335@rambler.ru,66,0931780312,20202
232,Миронюк,Олег,Васильович,caoOA422@Outlook.com,23,0508665825,22242
233,Левчук,Руслан,Васильович,OCoLu191@i.ua,56,0500130672,19158
234,Юрчук,Андрій,Дмитрович,NTqNP232@Outlook.com,33,0973718878,24230
236,Кравчук,Євгеній,Леонідович,nZTAT841@ukr.net,39,0508971850,19674
237,Білорус,Богдан,Борисович,zaqlu939@Outlook.com,66,0507691298,16540
239,Осовський,Микола,Іванович,TTrMd320@gmail.com,58,0678213722,9455
240,Ткач,Михайло,Борисович,KgXqF012@rambler.ru,79,0973125551,11719
241,Галайчук,Сергій,Анатолійович,FriNq098@gmail.com,62,0937995470,13734
242,Кяго,Олександр,Миколайович,kkUQq544@rambler.ru,25,0974779744,24005
243,Волочаєв,Олександр,Юрійович,kHmin685@rambler.ru,31,0509103268,10171
244,Стрельбіцький,Руслан,Петрович,BLpLQ249@gmail.com,26,0930273766,18880
245,Шворак,Віктор,Васильович,cxKUm402@ukr.net,22,0502104737,23802
246,Гутник,Андрій,Іванович,PpjgU136@rambler.ru,36,0937896591,16806
247,Домбров,Сергій,Юрійович,UNEIU169@i.ua,41,0930667986,20920
248,Леженко,Андрій,Вікторович,yacTj032@Outlook.com,66,0507430928,23549
249,Оксенюк,Андрій,Андрійович,UVpIM062@i.ua,26,0977463737,21424
250,Мормон,Юрій,Вікторович,zdCPB739@Outlook.com,39,0507480473,19647
251,Зань,Едуард,Леонідович,xNLCF630@i.ua,34,0508719400,12304
252,Сєров,Ігор,Миколайович,vXsBA913@hotmail.com,68,0931386145,9554
253,Ганущак,Артем,Анатолійович,RHaHq018@rambler.ru,36,0673484938,9261
254,Споданьчук,Анатолій,Миколайович,bOOzJ569@i.ua,21,0502398089,23926
255,Грицюк,Олександр,Миколайович,Rjhds789@rambler.ru,21,0975022007,18122
256,Сотник,Олександр,В’ячеславович,TddSf805@Outlook.com,49,0506138646,13866
257,Нікольчук,Олег,Анатолійович,ziAns283@ukr.net,43,0938821303,24148
259,Мечкало,Андрій,Ярославович,dNEav019@hotmail.com,76,0932096990,19650
260,Соловей,Віталій,Всеволодович,mbQfg038@hotmail.com,37,0971726504,8240
261,Збирун,Дмитро,Володимирович,OLcbo163@hotmail.com,76,0939220733,14373
262,Каплуняк,Дмитрій,Володимирович,kTIQz082@hotmail.com,57,0507806951,23956
263,Пахолок,Володимир,Богданович,SMneK233@rambler.ru,42,0500980989,23200
264,Кречко,Анатолій,Сергійович,iYOSv696@i.ua,46,0504455652,8993
265,Матвійчук,Ігор,Вікторович,zQuTl216@rambler.ru,56,0504397376,23262
266,Шилан,Микола,Васильович,Pbknb079@Outlook.com,79,0670846694,15682
267,Єремейчук,Анатолій,Анатолійович,kFvio118@i.ua,53,0971654644,14977
268,Ткачук,Руслан,Валерійович,CUBxk902@Outlook.com,41,0503865019,15112
269,Якімчук,Олексій,Васильович,jtuxU331@hotmail.com,62,0503118762,13196
270,Буряк,Микола,Олександрович,UqfiY844@i.ua,74,0504419029,10725
271,Сай,Віталій,Васильович,OIpAC957@gmail.com,59,0972889779,15261
272,Сьомко,Сергій,Сергійович,zdfhO833@hotmail.com,27,0671284464,10989
273,Королько,Віктор,Костянтинович,nJSBs733@ukr.net,27,0938180351,15289
274,Гальянов,Олексій,Володимирович,oLLJi998@Outlook.com,56,0971920849,12902
275,Противень,Юрій,Олександрович,bFuqM060@hotmail.com,38,0679102159,23782
276,Гринчук,Андрій,Анатолійович,HUxSA832@Outlook.com,78,0504121334,15680
277,Галімський,Петро,Петрович,FCKcA852@i.ua,28,0674344884,17840
278,Васильєв,Олександр,Васильович,TVBDS526@hotmail.com,49,0506124382,13443
279,Дундюк,Віктор,Аркадійович,gAoCO779@i.ua,67,0971113362,24095
280,Плюссер,Валерій,Вікторович,ZFNxu640@hotmail.com,38,0671932798,10601
281,Пігор,Дмитро,Сергійович,agPOL315@i.ua,27,0502030018,15691
282,Шевчук,Сергій,Павлович,cKpDG567@i.ua,79,0678730876,12775
283,Побережний,Павло,Володимирович,URRSs419@ukr.net,24,0975966926,23189
284,Хорава,Володимир,Романович,xnIKj313@i.ua,35,0678493492,13630
285,Поліщук,Сергій,Володимирович,Yonyt236@rambler.ru,77,0937625264,17420
286,Семенюк,Віталій,Петрович,ZFbeI276@ukr.net,79,0970114319,14109
287,Антонюк,Дмитро,Валерійович,uvrQa419@rambler.ru,24,0930159873,22521
288,Шевчук,Геннадій,Олександрович,CkkbK148@hotmail.com,36,0974330056,10037
289,Копалін,Юрій,Олександрович,QyRKz720@i.ua,45,0978609191,20242
290,Карабаджак,Валентин,Миколайович,TBJEZ965@gmail.com,56,0938810519,12405
291,Семенович,Олександр,Дем’янович,aoERa592@gmail.com,51,0676789541,14230
292,Лець,Андрій,Олександрович,IPzKI916@gmail.com,68,0976574272,13010
293,Федчук,Ігор,Васильович,ADtKY648@hotmail.com,27,0508839903,14265
294,Бубенчиков,Михайло,Владиславович,ozbmc887@i.ua,24,0678693248,21389
295,Гришан,Юрій,Володимирович,bRYzM898@hotmail.com,28,0979653127,11081
296,Озімковський,Руслан,Володимирович,YoThp161@Outlook.com,60,0978853082,8357
297,Манчук,Олександр,Вячеславович,UEzBH073@rambler.ru,77,0677908418,19036
298,Вишнев,Семен,Олексійович,ZmGMU219@hotmail.com,32,0676745892,21369
299,Рисюк,Андрій,Миколайович,nnvQN007@i.ua,21,0977100706,10290
300,Левчук,Ігор,Володимирович,pQltp128@i.ua,30,0978160100,17234
301,Шкодинський,Дмитро,Олександрович,GxJkE094@gmail.com,55,0502578741,18828
302,Брисюк,Сергій,Юрійович,pBGid103@rambler.ru,33,0503692065,17606
303,Козира,Віталій,Романович,PgrDb725@gmail.com,34,0978787395,11173
304,Демедюк,Ян,Степанович,Ozxqi273@hotmail.com,25,0939924799,20591
305,Данилюк,Роман,Олександрович,BkxHe508@rambler.ru,40,0679869068,15672
306,Радченко,Ігор,Миколайович,TsmbQ378@hotmail.com,58,0931780305,16346
307,Пагуба,Микола,Миколайович,ZmGFL482@gmail.com,49,0506059910,18926
308,Максимов,Микола,Володимирович,avjao158@hotmail.com,47,0977286670,20929
309,Бєлік,Ігор,Володимирович,xfhog449@hotmail.com,44,0973336428,20396
310,Гарієвич,Юрій,Вікторович,YRzqG120@gmail.com,79,0979973548,9037
311,Каракай,Роман,Миколайович,DXpPN671@gmail.com,73,0937965978,19061
312,Стик,Микола,Іванович,kBDez204@gmail.com,59,0930949852,9845
313,Воробйов,Олександр,Володимирович,OUIek026@hotmail.com,50,0678442005,17088
314,Климович,Володимир,Вячеславович,MzRAN206@ukr.net,43,0509686378,9931
315,Смалюк,Юрій,Володимирович,CiooR424@gmail.com,23,0506974023,19697
316,Редзель,Олексій,Петрович,EmNYP597@ukr.net,75,0502801085,12994
317,Петров,Андрій,Валентинович,gbhMv168@ukr.net,45,0974065753,19553
318,Покальчук,Ігор,Іванович,YgKXC131@rambler.ru,46,0972609537,18126
319,Хоменко,Валентин,Михайлович,HTQsO131@rambler.ru,24,0502848759,16627
320,Хірса,Олег,Іванович,NNuCU978@i.ua,50,0972057747,23476
321,Шурин,Олег,Андрійович,knXEC899@i.ua,36,0935253463,17271
322,Курильчик,Микола,Миколайович,TAeue779@hotmail.com,44,0503556003,10339
323,Коцюбинський,Юрій,Миколайович,mcJCD047@Outlook.com,20,0976185418,22718
324,Виговський,Володимир,Валерійович,qTgpL387@Outlook.com,78,0970288028,11245
325,Гусік,Роман,Миколайович,NnOeI590@ukr.net,47,0933266285,11787
326,Харченко,Микола,Миколайович,BqSPF905@Outlook.com,38,0932855697,10260
327,Ящук,Ігор,Анатолійович,dopbz430@rambler.ru,74,0671876271,20213
328,Якобчук,Володимир,Леонідович,qTcBM900@gmail.com,46,0934566254,10007
329,Рощенко,Олександр,Олександрович,Pimsa017@gmail.com,79,0932568319,12572
330,Чича,Сергій,Михайлович,pXGnR556@i.ua,41,0503271135,10914
331,Івашко,Роман,Петрович,zxYfn029@hotmail.com,36,0932840833,9518
332,Рижий,Іван,Іванович,dQcfm135@gmail.com,61,0975556787,22466
333,Баранчук,Руслан,Миколайович,aDhZh243@rambler.ru,41,0672063681,18916
335,Дубчак,Володимир,Валерійович,tzurO593@Outlook.com,46,0935570567,8972
336,Карпюк,Микола,Ярославович,lDAiO741@hotmail.com,49,0509160961,9065
337,Гайдук,Руслан,Леонідович,aeDAn079@i.ua,27,0670452817,13259
338,Борисюк,Андрій,Володимирович,XKFFH875@rambler.ru,36,0509787179,20248
339,Колос,Юрій,Степанович,qIsQz937@gmail.com,79,0933907558,20643
340,Рик,Ігор,Володимирович,mpJLj376@Outlook.com,73,0507961517,14008
341,Андріїв,Володимир,Михайлович,KfKCS250@ukr.net,36,0939706014,24451
342,Куриленко,Віктор,Петрович,BEGth452@hotmail.com,45,0972349048,21338
343,Ковальчук,Анатолій,Адамович,vVNaM297@ukr.net,37,0670397651,12878
344,Третяк,Валентин,Валерійович,yVDxm444@hotmail.com,46,0938452335,18621
345,Цьопа,Тарас,Іванович,rdqFO172@Outlook.com,54,0930693634,8253
346,Здрілко,Іван,Олександрович,bkomE101@i.ua,42,0937958331,18870
347,Занозюк,Віктор,Петрович,FBAGM556@hotmail.com,77,0935564686,12045
348,Паламарчук,Сергій,Володимирович,FLVKF791@i.ua,62,0970352878,23212
349,Деркач,Олександр,Іванович,CShKI363@i.ua,75,0509427998,18415
350,Озарчук,Роман,Васильович,PbVHH433@gmail.com,50,0930589171,13257
351,Колесник,Сергій,Миколайович,IqlxT092@gmail.com,62,0977989023,22562
352,Сірацький,Василь,Васильович,BByAK005@hotmail.com,41,0671446205,11903
353,Гусаров,Сергій,Ігорович,ukVnf907@hotmail.com,67,0502126947,13031
354,Сахневич,Володимир,Дмитрович,LooPR242@hotmail.com,65,0931480754,14659
355,Сич,Володимир,Анатолійович,BMSRt914@ukr.net,50,0501694566,21682
356,Волик,Тарас,Олександрович,hAvsd367@gmail.com,46,0931667297,16687
357,Кошмак,Микола,Устимович,fFNnP858@rambler.ru,62,0930741255,17152
358,Непийвода,Василь,Михайлович,zDldd911@Outlook.com,27,0972986589,8952
359,Салійчук,Олександр,Іванович,slQlo221@ukr.net,58,0672275571,15577
360,Дудинський,Олег,Сергійович,IaDBN062@ukr.net,73,0674315613,19163
361,Жежук,Василь,Федорович,ZivTN255@ukr.net,35,0506188428,19250
362,Протасевич,Андрій,Володимирович,rKREc372@hotmail.com,71,0932662037,11094
363,Жильчук,Богдан,Олександрович,fFdzO303@Outlook.com,64,0976956528,22798
364,Бондаренко,Олексій,Михайлович,OfxvS259@i.ua,45,0979644823,14660
365,Бутенко,Юрій,Олексійович,UFOKv321@gmail.com,31,0502837028,14000
366,Байдецький,Петро,Ігорович,KaSLi201@i.ua,52,0934989654,8903
367,Божик,Юрій,Ярославович,vKCDY079@ukr.net,43,0676086388,12517
368,Кулибаба,Володимир,Вікторович,movSl924@gmail.com,45,0502846825,18502
369,Чаплін,Ігор,Миколайович,UMLFH362@i.ua,71,0978972713,16053
370,Іванов,Юрій,Васильович,nGtXj914@hotmail.com,76,0509652141,9678
371,Голяр,Олександр,Степанович,UBhgp593@rambler.ru,52,0930945571,12056
372,Овдієнко,Олексій,Олександрович,egIrV134@rambler.ru,59,0670719011,24441
373,Кисельчук,Михайло,Михайлович,jbXND624@Outlook.com,27,0933420607,13432
374,Дубов,Андрій,В’ячеславович,Sdqri867@gmail.com,68,0501680464,19930
375,Кіриков,Олександр,Олександрович,Lxbht526@hotmail.com,44,0930879261,13566
376,Корсун,Дмитро,Юрійович,BKXmg281@hotmail.com,26,0505681685,23911
377,Домантович,Василь,Гордійович,nSOmH827@rambler.ru,59,0505262061,9080
378,Бєлоконь,Максим,Михайлович,qSEUk406@rambler.ru,64,0974249373,22896
379,Ковальчук,Михайло,Михайлович,FkZVn957@hotmail.com,21,0970228136,17916
380,Ворожко,Анатолій,Михайлович,vuhex975@Outlook.com,68,0506140501,16926
381,Жук,Дмитро,Юрійович,NEHjp027@Outlook.com,24,0938147761,20193
382,Нисинець,Дмитро,Володимирович,LdgCV842@i.ua,65,0678680991,16580
383,Тимошенко,Іван,Олександрович,nJtRS326@rambler.ru,67,0938115115,11353
384,Єгоров,Олександр,Сергійович,RtTax864@hotmail.com,55,0677224450,9058
385,Лагутко,Михайло,Іванович,SLfiR570@gmail.com,29,0500224845,15961
386,Ткачук,Олександр,Леонідович,TheIY135@gmail.com,47,0937525853,9546
387,Гега,Олександр,Миколайович,DAFAM350@hotmail.com,29,0934024199,24032
388,Юрчик,Сергій,Іванович,rbSCo006@Outlook.com,22,0979110304,10612
389,Слобода,Володимир,Іванович,Mjdvq564@Outlook.com,59,0935746183,11100
390,Синовіцький,Сергій,Васильович,CSKHl890@gmail.com,41,0935988000,13208
391,Курілець,Олександр,Олегович,CXvqe512@Outlook.com,67,0979056497,8630
392,Ящук,Руслан,Володимирович,iBVKl232@i.ua,61,0931001074,10623
393,Кравчук,Віталій,Валерійович,UJGcG891@gmail.com,24,0937238793,13738
394,Трум,Володимир,Тихонович,xuOLZ372@ukr.net,74,0938610642,22045
395,Дмитрук,Руслан,Володимирович,vANFr450@Outlook.com,45,0931651141,21920
396,Доронін,Володимир,Миколайович,vCYre228@i.ua,52,0972738113,8141
397,Баховський,Сергій,Юрійович,bGjOI091@ukr.net,72,0508272571,20799
398,Ковальчук,Олександр,Андрійович,eSYIM736@i.ua,47,0975193975,17847
399,Петров,Юрій,Юрійович,OljVJ681@rambler.ru,55,0501729026,24679
400,Мазурок,Віктор,Степанович,YDtru624@rambler.ru,67,0974040949,24090
401,Міцко,Антон,Олександрович,MVuPl761@Outlook.com,51,0679115577,13052
402,Дорош,Роман,Анатолійович,CmLhk684@i.ua,73,0936037622,16916
403,Кримський,Олександр,Петрович,sKLic326@Outlook.com,33,0970085448,20740
404,Дубов,Назарій,Миколайович,MyLgg165@gmail.com,65,0934664710,24154
405,Любий,Сергій,Іванович,lhMmL727@i.ua,71,0932657891,9873
406,Швець,Олександр,Анатолійович,JLEZi282@ukr.net,33,0978107556,20086
407,Стеблевець,Олексій,Олександрович,reiar570@Outlook.com,66,0671161389,8406
408,Джуманюк,Анатолій,Миколайович,vmIxy919@Outlook.com,71,0932114983,16566
409,Метельський,Анатолій,Михайлович,cuVKu661@ukr.net,73,0938683410,19714
410,Васін,Максим,Васильович,xDJHa170@gmail.com,67,0979210654,22884
411,Панасюк,Юрій,Миколайович,Rffji991@Outlook.com,72,0930176789,16979
412,Нагорний,Тарас,Андрійович,aLssj237@hotmail.com,58,0674624197,23381
413,Ус,Олексій,Анатолійович,HTZyC280@hotmail.com,56,0936927950,17131
414,Кондратюк,Василь,Васильович,oIRun636@hotmail.com,56,0939787523,22928
415,Ігнатов,Володимир,Володимирович,FhyUZ600@rambler.ru,38,0505691877,23402
416,Маркевич,Олексій,Іванович,Dmcyp154@gmail.com,52,0500777628,17844
417,Салійчук,Руслан,Петрович,GMcku516@Outlook.com,79,0676561129,22736
418,Савич,Василь,Ярославович,TpROc548@ukr.net,39,0978307329,23620
419,Костін,Михайло,Миколайович,JUovS845@hotmail.com,54,0935934331,13312
420,Амбрасас,Ігор,Валерійович,SxoAt648@i.ua,55,0673391734,22682
421,Шевченко,Віталій,Васильович,SoKfZ090@ukr.net,57,0503817496,19761
422,Ляшик,Юрій,Володимирович,eDtJK646@gmail.com,74,0939145237,11344
423,Тихонов,Дмитро,Миколайович,yTvdv650@ukr.net,29,0934925106,14168
424,Кустов,Сергій,Вячеславович,qYiJT440@hotmail.com,71,0933591678,17893
425,Жакун,Олександр,Миколайович,Mjknj342@hotmail.com,66,0676637127,16611
426,Дерело,Валентин,Володимирович,ooPVP723@ukr.net,29,0503752661,14701
427,Кондратюк,Юрій,Анатолійович,QSvab832@i.ua,33,0677519367,21871
428,Клюйко,Петро,Петрович,Blqjj727@i.ua,34,0939472677,23713
429,Рогозін,Ігор,Вікторович,dFxpj017@ukr.net,66,0976845281,19970
430,Головенко,Олександр,Володимирович,qmAHM225@rambler.ru,42,0930344364,8390
431,Петросюк,Юрій,Миколайович,pdgOh217@Outlook.com,75,0973361329,13571
431,Каралаш,Сергій,Володимирович,sKIoi568@i.ua,71,0972420635,13071
432,Мельничук,Руслан,Миколайович,MxfPH606@rambler.ru,69,0507063627,19060
433,Вознюк,Петро,Вікторович,uemKM861@Outlook.com,38,0976935421,12775
434,Тимощук,Петро,Олександрович,INQba890@gmail.com,72,0672543155,24292
435,Шевчук,Андрій,Ігорович,dKtQi870@ukr.net,43,0973919587,8703
436,Тихоненко,Олег,Євгенович,qugVB159@gmail.com,67,0934003880,23775
438,Шелепало,Сергій,Дмитрович,sRESR296@Outlook.com,28,0504178953,23677
439,Ворощук,Андрій,Андрійович,noCqV055@ukr.net,79,0502344587,16757
440,Міщук,Ірина,Миколаївна,KSRka561@hotmail.com,51,0934119131,12962
441,Хоменчук,Дмитро,Андрійович,Lksuj978@gmail.com,70,0500293861,15651
442,Кобрин,Олександр,Олександрович,luLlM371@gmail.com,34,0971597760,22868
443,Гарбуз,Орест,Михайлович,UDjVq691@Outlook.com,55,0671270484,24843
444,Кобзєв,Сергій,Сергійович,kcLao282@i.ua,60,0934407692,17469
445,Наумчук,Віктор,Валерійович,HdhqB707@rambler.ru,71,0670912990,9297
447,П’ясецький,Олександр,Ярославович,RKksN919@i.ua,36,0931514567,19938
448,Черевашенко,Юрій,Аркадійович,BJfOS832@i.ua,27,0503441165,17293
449,Аракелян,Армен,Дуєлович,eqOKB734@gmail.com,50,0979736165,17250
450,Бондар,Віталій,Володимирович,jcDfe165@Outlook.com,24,0934734045,18518
451,Кащин,Олег,Антонович,ygNMu589@Outlook.com,73,0679845941,19449
452,Кривой,Олександр,Олександрович,JIube842@hotmail.com,38,0975960169,24002
453,Баштовий,Роман,Юрійович,jukoX599@ukr.net,39,0972996100,20313
454,Совтис,Руслан,Іванович,RoZxK218@rambler.ru,60,0503275158,16755
455,Юхимчук,Микола,Миколайович,TyTBp097@ukr.net,72,0979204334,18514
456,Ящук,Андрій,Володимирович,TiOjX115@hotmail.com,74,0670271400,24048
457,Нужин,Володимир,Володимирович,AuCmD808@i.ua,75,0672056786,12952
458,Харчук,Юрій,Федорович,gNRRf637@ukr.net,72,0974448106,21848
459,Медведюк,Ігор,Миколайович,PuaSr022@ukr.net,30,0972749417,12743
460,Степанюк,Тарас,Сергійович,hbhrx239@gmail.com,36,0979985717,15277
461,Панчук,Юрій,Леонідович,poxBG440@rambler.ru,54,0506835778,11216
462,Ремаренко,Сергій,Леонідович,pBINd997@gmail.com,48,0674318844,12455
463,Бордюг,Едуард,Борисович,pVzbZ360@Outlook.com,38,0935120359,14603
464,Саган,Андрій,Анатолійович,XzGNp836@hotmail.com,62,0506556649,16093
465,Демченко,Микола,Юрійович,xBbPO486@gmail.com,76,0507327688,24777
466,Осмолик,Назарій,Валерійович,EsBGT133@Outlook.com,44,0930489274,18140
468,Іванцов,Віталій,Володимирович,ZdqgL685@hotmail.com,70,0679768572,11058
469,Жроут,Василь,Вікторович,oHEbg963@gmail.com,57,0672534655,15608
470,Захарчук,Юрій,Миколайович,DebSq549@i.ua,57,0977341433,10477
471,Кравчук,Сергій,Валентинович,DjNzL166@Outlook.com,54,0974462108,12866
472,Парфьонов,Сергій,Костянтинович,vPfRg442@hotmail.com,75,0503031523,20747
473,Прищепа,Роман,Олександрович,gihce245@i.ua,73,0509776005,15388
474,Кучер,Олег,Володимирович,iuUNN462@ukr.net,74,0976012399,10587
475,Потяков,Сергій,Олегович,VIgOH786@gmail.com,78,0931359196,17538
476,Берлінець,Андрій,Анатолійович,MuZdR048@i.ua,58,0936040023,23608
477,Шевченко,Сергій,Сергійович,CxDFN427@ukr.net,25,0975401197,24863
478,Юшкін,Гарольд,Іванович,mXkDe345@Outlook.com,36,0977906417,23473
479,Рембовський,Іван,Олександрович,pSqTB642@ukr.net,71,0674298795,24423
480,Наконечний,Андрій,Романович,mBUvz179@ukr.net,62,0970494746,21409
481,Шевчук,Віталій,Михайлович,FFNiG585@hotmail.com,23,0670120628,12870
482,Полюхович,Євгеній,Олександрович,bOKyj268@i.ua,33,0509476384,11493
483,Валігура,Володимир,Анатолійович,FfVAZ680@hotmail.com,32,0673402422,19165
484,Ляшевич,Андрій,Анатолійович,FYEtj902@i.ua,48,0971019298,17506
485,Андрійчук,Володимир,Анатолійович,ISSkN739@Outlook.com,21,0505333095,9194
486,Присяжнюк,Олег,Васильович,uMaeV970@rambler.ru,57,0502302254,13234
487,Кирилюк,Олег,Валерійович,CIANf203@Outlook.com,78,0507841308,14897
488,Вівчарик,Григорій,Петрович,PdLKn278@i.ua,78,0979001151,17719
489,Дзюбак,Андрій,Михайлович,RRHZR959@Outlook.com,74,0505584951,12180
490,Морозюк,Володимир,Миколайович,AEqrf924@Outlook.com,40,0675934954,18732
491,Горбань,Дмитро,Володимирович,pARIO204@hotmail.com,41,0972527752,21237
492,Майструк,Микола,Миколайович,ZiAvh627@ukr.net,66,0508670306,10315
493,Скринський,Віктор,Вікторович,DRaKt661@gmail.com,57,0506515835,19760
494,Коровченко,Денис,Володимирович,FjnNA807@i.ua,34,0937058225,11012
495,Пиж,Олександр,Михайлович,OTLsp309@hotmail.com,22,0931472021,10802
496,Вареник,Володимир,Степанович,dJSHz808@Outlook.com,34,0503248963,15288
497,Прусов,Павло,Тарасович,ayNtv631@hotmail.com,25,0930314194,15553
498,Волощук,Олексій,Юрійович,CSydB696@rambler.ru,23,0976958578,21124
499,П’ятаченко,Віталій,Юрійович,YlbCI940@i.ua,25,0973417691,24137
500,Куницький,Василь,Валерійович,RMQQB345@i.ua,79,0507825014,23669
501,Пахолюк,Олександр,Леонідович,HvGzI044@rambler.ru,75,0501597147,24948
502,Стріла,Сергій,Миколайович,FyIea632@hotmail.com,78,0939823538,24020
503,Кощук,Сергій,Володимирович,TAQne461@i.ua,25,0977747934,21703
504,Токарець,Михайло,Петрович,sOFlB036@i.ua,39,0978389476,11027
505,Ковеня,Сергій,Володимирович,RPraZ115@rambler.ru,56,0976794895,19289
506,Зембіцький,,Руслан,nHEeF921@gmail.com,30,0675040633,14576
507,Кость,Олександр,Миколайович,uPnPd625@ukr.net,36,0674231838,22605
508,Корнійчук,Сергій,Васильович,KuoJI510@i.ua,32,0679633057,8043
509,Гущін,Вадим,Миколайович,HnpzK024@hotmail.com,70,0503086722,23917
510,Кузьмич,Валентин,Миколайович,EJOSb547@Outlook.com,31,0508150602,12881
511,Гаврилюк,Михайло,Валерійович,KZApH208@rambler.ru,44,0679328798,17589
512,Хижий,Олександр,Ігорович,ZsehS225@ukr.net,64,0509442106,12124
513,Кривчук,Андрій,Олександрович,ZUqud107@rambler.ru,27,0676025851,10548
514,Філіппов,Дмитро,Геннадійович,kCHaE841@Outlook.com,77,0679933104,20643
515,Осіпчук,Андрій,Ярославович,QkCSc149@Outlook.com,33,0939407400,22299
516,Булгаков,Володимир,Сергійович,FKVUj248@ukr.net,26,0672411693,23935
517,Телиця,Володимир,Сергійович,BkHLl006@hotmail.com,76,0979436051,13794
518,Середюк,Руслан,Володимирович,xoIOj231@rambler.ru,72,0974161120,23545
520,Вус,Володимир,Миколайович,KYnZl435@hotmail.com,24,0509526934,19417
521,Чубок,Олег,Ярославович,sFtmi405@gmail.com,70,0974216803,17735
522,Колосков,Олексій,Олександрович,cvSKX797@i.ua,25,0973631278,15961
523,Яковчук,Юрій,Святославович,fxtcQ437@Outlook.com,31,0503349501,17811
524,Доля,Олександр,Сергійович,XMojv649@hotmail.com,49,0502506017,17576
525,Семків,Андрій,Михайлович,Ojkvk976@gmail.com,28,0934772323,22708
526,Меньков,Олександр,Володимирович,joUvH305@Outlook.com,76,0978500640,13039
527,Борис,Роман,Миколайович,CmlRX090@rambler.ru,64,0506458219,11785
528,Денещук,Сергій,Олександрович,QQLsz447@gmail.com,73,0970842994,15702
529,Конопльов,Олександр,Володимирович,NTGVG987@ukr.net,31,0673837335,23758
530,Лисий,Олександр,Володимирович,ApCFx273@i.ua,69,0932588191,12835
531,Вільчинський,Сергій,Володимирович,fqtQq310@ukr.net,79,0505840544,13139
532,Гетьман,Володимир,Миколайович,YqbVM425@hotmail.com,77,0502351041,22824
533,Борщук,Валентин,Ростиславович,frDRH470@Outlook.com,20,0974451625,24563
534,Жуков,Максим,Миколайович,FKgMr859@hotmail.com,29,0505098294,19815
535,Садовський,Леонід,Іванович,gqFAu509@hotmail.com,41,0500209547,19459
536,Курач,Олександр,Олександрович,cMgVh145@hotmail.com,34,0930396612,13782
537,Музичук,Віталій,Ростиславович,dPzlZ649@Outlook.com,76,0502152377,19281
538,Іщенко,Олексій,Михайлович,MEDDN881@rambler.ru,45,0672733073,19731
539,Ширинюк,Олексій,Миколайович,dstlI150@gmail.com,71,0979115552,20676
540,Жучко,Валерій,Ярославович,dMtPu234@ukr.net,63,0504400435,17237
541,Колода,Ігор,Володимирович,nAKBQ209@hotmail.com,20,0673886269,9094
542,Карпович,Іван,Михайлович,LYCkN665@i.ua,43,0507691266,14915
543,Власюк,Віталій,Сергійович,vyNrj862@ukr.net,68,0508910876,16032
544,Камінський,Євгеній,Миколайович,iKXog699@hotmail.com,71,0677046252,11101
545,Корнілович,Володимир,Олександрович,KvnOV100@ukr.net,66,0972509830,17736
546,Криницький,Сергій,Петрович,zoITJ585@hotmail.com,45,0976254723,9654
547,Жардан,Іван,Григорович,ukeCN896@Outlook.com,66,0505645918,10814
548,Постельжук,Володимир,Володимирович,EyuMO954@hotmail.com,67,0938869583,11340
549,Мельников,Ігор,Володимирович,NnTUg769@Outlook.com,20,0504817849,17080
550,Козловський,Юрій,Костянтинович,EpyQC366@gmail.com,68,0934076264,10435
551,Чупринський,Микола,Віталійович,Jqbaf341@Outlook.com,28,0678283936,21105
552,Декальчук,Олег,Васильович,qqqMb349@rambler.ru,73,0978890122,19184
553,Зварич,Володимир,Дмитрович,pGhej989@Outlook.com,61,0505971585,23992
554,Демидко,Юрій,Анатолійович,RAgjq057@Outlook.com,77,0931605543,11955
555,Войтко,Володимир,Миколайович,lGzTY601@ukr.net,58,0971738460,14963
556,Безкоровайний,Андрій,Миколайович,IxTDa668@hotmail.com,26,0934329272,20050
557,Трифонюк,Тарас,Юрійович,qpkJz842@Outlook.com,68,0970269234,11017
558,Гавриш,Тарас,Борисович,IjAyQ024@i.ua,38,0936641405,16990
559,Заяць,Юрій,Анатолійович,nTyyh954@hotmail.com,66,0935917285,14531
560,Котляров,Олег,Миколайович,PUCfB504@rambler.ru,25,0508133134,10336
561,Гуменюк,Юрій,Юрійович,BBdVc006@hotmail.com,67,0971591912,10285
562,Волочнюк,Анатолій,Анатолійович,ZEgbs186@Outlook.com,76,0938426859,18757
563,Шевчук,Едуард,Олександрович,SVsqm739@i.ua,69,0978327315,10227
564,Потеревич,Юрій,Євстафійович,UBuoP335@i.ua,75,0934908597,21492
565,Кручок,Сергій,Степанович,CrKct423@gmail.com,63,0938925774,17729
567,Прит,Володимир,Олександрович,bBevK241@rambler.ru,76,0935771474,14664
568,Левчук,Василь,Іванович,ETyPj374@hotmail.com,57,0970984378,10521
569,Черкас,Юрій,Васильович,sraMv836@Outlook.com,77,0973451261,9347
570,Матвійчук,Олександр,Леонідович,ddYQq118@Outlook.com,41,0934563378,8632
571,Пархомей,Олексій,Анатолійович,orYFv561@ukr.net,54,0972815506,14075
572,Лагута,Сергій,Миколайович,SfLaB545@Outlook.com,58,0972552513,11730
573,Матвіїшин,Ярослав,Іванович,KzpSY940@Outlook.com,29,0503701047,18084
574,Атаманчук,Вадим,Іванович,bLefA025@rambler.ru,36,0970740144,20007
575,Качур,Володимир,Михайлович,hkGgE915@i.ua,59,0974277358,24144
576,Вансович,Максим,Васильович,xfacM263@rambler.ru,77,0507561313,23537
577,Піскун,Віктор,Тарасович,Lbkkc755@i.ua,46,0973240493,13173
578,Качур,Володимир,Вікторович,EeEAN606@rambler.ru,57,0507962869,15896
579,Вашеняк,Сергій,Петрович,xYDcE704@Outlook.com,52,0971163817,19652
580,Потапчук,Віталій,Олегович,IhFiM213@i.ua,33,0671672993,9655
581,Процюк,Павло,Андрійович,xYeFd187@i.ua,39,0671101485,18829
582,Воробйов,Сергій,Іванович,teMZS226@ukr.net,65,0971054358,8268
583,Жур,Олександр,Володимирович,OXGGE071@Outlook.com,40,0503714849,11798
584,Корнійчук,Олександр,Володимирович,LQBqd178@Outlook.com,43,0505033954,18844
585,Федорчук,Микола,Миколайович,rukxe436@gmail.com,71,0976161879,24490
586,Свідерський,Віталій,Ярославович,gEZaU197@hotmail.com,66,0972472580,22751
587,Новіцький,Анатолій,Анатолійович,yauto139@ukr.net,34,0975662021,18099
588,Ханенко,Олег,Васильович,DlQGQ125@hotmail.com,49,0671126173,18299
589,Мартинчук,Олександр,Володимирович,Ijnoe156@i.ua,51,0508634539,21076
590,Шикула,Ростислав,Ростиславович,TOFtj391@rambler.ru,44,0979896068,14022
591,Переходько,Сергій,Олександрович,ovFEa633@i.ua,78,0935996337,17204
593,Терентюк,Олег,Олегович,SJnGM449@i.ua,30,0502944248,21776
594,Вишневський,Сергій,Володимирович,lSvoG977@rambler.ru,32,0932765694,24364
595,Джигар,Євгеній,Ананійович,xNrgb747@gmail.com,32,0933581710,19000
596,Бартосевич,Тарас,Володимирович,fCTlR712@gmail.com,43,0503900041,8198
597,Мединський,Павло,Борисович,HJqeh941@ukr.net,70,0672425005,8381
598,Завалюк,Анатолій,Павлович,GiIlN077@i.ua,31,0970783823,8889
599,Рудий,Микола,Миколайович,RSQaF594@i.ua,39,0673983803,13019
600,Сало,Ростислав,Ярославович,EhtYB561@Outlook.com,33,0931065176,11843
601,Алексійчук,Роман,Васильович,PjgNM507@gmail.com,34,0675724084,24336
602,Ромах,Олександр,Володимирович,xSAuk829@i.ua,43,0507979123,12241
603,Мірзаєв,Микола,Миколайович,DsqHV387@i.ua,46,0508897482,10676
604,Приходько,Тарас,Вікторович,TQHNe021@hotmail.com,21,0679691830,11732
606,Ільченко,Ігор,Володимирович,Ktjzj282@Outlook.com,27,0932798802,9443
607,Войтко,Сергій,Миколайович,xcAGv725@hotmail.com,52,0673765180,17113
608,Кицун,Іван,Васильович,OlFNJ499@Outlook.com,52,0671406436,19020
609,Майструк,Антон,Ярославович,TjUfl451@hotmail.com,48,0935954934,24677
610,Антонюк,Олександр,Леонідович,ksGlX601@ukr.net,55,0939140593,17451
611,Максимов,Денис,Олександрович,VXgKi863@ukr.net,76,0504256255,10718
612,Пашковський,Роман,Васильович,vsYbp121@Outlook.com,43,0933838545,13990
613,Бондар,Дмитро,Іванович,HVTko145@gmail.com,73,0975597615,23170
614,Вальковець,Микола,Федорович,hlGon100@hotmail.com,55,0671499805,19762
615,Девятка,Олександр,Євгенович,BiYQr863@Outlook.com,35,0508176366,11229
616,Сидорук,Олег,Володимирович,bVrfk736@Outlook.com,41,0677103502,13147
617,Радзевич,Андрій,Юрійович,aytxG643@ukr.net,63,0506630940,24918
618,Демедюк,Микола,Володимирович,LuRez404@ukr.net,40,0500728164,11830
619,Струк,Єгор,Олегович,mnJej202@i.ua,26,0677724547,9292
620,Шевчук,Андрій,Андрійович,DtlnL371@ukr.net,40,0508858337,19277
621,Ярмолович,Валерій,Павлович,zLZIn748@gmail.com,64,0508879419,22980
622,Омельчук,Сергій,Васильович,dHfPj116@i.ua,46,0977627791,19018
623,Шевчук,Юрій,Ростиславович,yPLTO739@Outlook.com,51,0502860188,13591
624,Мізюк,Руслан,Юрійович,uNSXN586@rambler.ru,63,0679581266,13646
625,Федас,Юрій,Володимирович,YGklh446@i.ua,20,0677396790,8321
626,Козяр,Андрій,Олександрович,YYmBx455@rambler.ru,48,0507461847,12545
627,Щепковський,Вадим,Іванович,OxSsk278@rambler.ru,73,0935883482,9030
628,Бражник,Дмитро,Олександрович,bZkQA670@hotmail.com,68,0939206878,18352
629,Козєнєв,Василь,Юрійович,YMNNR589@hotmail.com,61,0971024626,18554
630,Бондар,Олег,Данилович,lsaao460@rambler.ru,65,0500072185,9691
631,Макаровський,Юрій,Ярославович,bqluv237@gmail.com,67,0971435547,10975
632,Семенюк,Дмитро,Дмитрович,ooStS953@ukr.net,28,0978853125,15105
633,Войцехівський,Віктор,Сергійович,GCZZx210@i.ua,68,0972497980,17459
634,Нагірняк,Ігор,Ярославович,UTeoE666@i.ua,67,0504817781,15963
635,Каращук,Іван,Миколайович,mePUj463@rambler.ru,57,0501773076,20954
636,Поліщук,Вадим,Миколайович,uzmkm896@i.ua,46,0936918682,18857
637,Оргеткін,Кирило,Володимирович,ItLvx021@Outlook.com,53,0932285432,16526
638,Кушнірук,Василь,Васильович,peHlB582@rambler.ru,55,0679056237,21001
639,Васюк,Іван,Павлович,dVtUT360@ukr.net,43,0931873853,9896
640,Кузьмінчук,Сергій,Миколайович,tPiOH349@gmail.com,44,0505591381,15121
641,Лесюк,Олексій,Михайлович,VCuMM401@i.ua,43,0974708682,14288
642,Манійчук,Ярослав,Володимирович,CDLnp246@hotmail.com,64,0971836126,14056
643,Дудук,Олександр,Вікторович,geSTU638@Outlook.com,62,0974650815,15746
644,Карпюк,Сергій,Анатолійович,JUmaQ469@gmail.com,22,0979220553,15377
645,Мельничук,Борис,Радіонович,AKZNn446@i.ua,42,0972252891,12137
646,Масюк,Петро,Михайлович,TxdNZ305@ukr.net,20,0938477998,13883
675,Жильчук,Микола,Миколайович,uHkQd550@gmail.com,39,0937130355,18869
676,Кудрявцев,Михайло,Олегович,LYTgR402@ukr.net,64,0973228611,21339
677,Чайка,Василь,Миколайович,sGuOO116@i.ua,68,0938843864,18320
678,Лясковець,Валерій,Романович,RKVom972@hotmail.com,65,0972384967,23730
679,Кичан,Юрій,Петрович,UyPfq009@i.ua,63,0938812159,18447
680,Матвійчук,Михайло,Сергійович,xCjCf794@hotmail.com,38,0938090242,15297
681,Ковтун,Олександр,Миколайович,ZKkcJ161@hotmail.com,66,0930935576,22077
682,Сидорук,Тарас,Петрович,OjpYL774@ukr.net,32,0933389903,23786
683,Данильченко,Денис,Сергійович,yDXXh211@ukr.net,50,0976297105,19782
684,Ликов,Олександр,Олександрович,GVgAS192@gmail.com,42,0978173404,9541
685,Назаров,Юрій,Миколайович,YQUpF946@hotmail.com,76,0974960215,13180
686,Мельник,Юрій,Михайлович,KxFea980@rambler.ru,51,0674236355,16232
687,Данилко,Володимир,Валерійович,dfQtZ280@rambler.ru,39,0502974670,20732
688,Меньков,Євгеній,Володимирович,njdcr413@rambler.ru,63,0500302325,11393
689,Котюк,Сергій,Ростиславович,fbIjk345@Outlook.com,63,0979113899,17306
690,Гайн,Олександр,Петрович,cFqFR143@ukr.net,33,0936259307,21349
691,Мединський,Володимир,Володимирович,HPIsV216@gmail.com,29,0934136602,22749
692,Харченко,Руслан,Петрович,TgsaD422@Outlook.com,70,0935281610,8669
693,Прус,Іван,Андрійович,pQKgM762@i.ua,29,0670724498,13957
694,Дмитровський,Дмитро,Олександрович,ZFZks495@rambler.ru,63,0671686852,9882
695,Пашко,Іван,Іванович,skrEM892@ukr.net,41,0974848640,16693
696,Чугай,Олексій,Іванович,aqndZ939@ukr.net,54,0507046480,8016
697,Бобровнік,Олександр,Володимирович,sdOkj933@i.ua,52,0977168231,9885
698,Дідусенко,Олександр,Васильович,BQecM789@ukr.net,68,0508523450,21253
699,Заморока,Юрій,Олександрович,pRCAc394@gmail.com,53,0979881524,11866
700,Нетребич,Сергій,Мирославович,JGoAh462@ukr.net,70,0671836317,20895
701,Верещук,Ігор,Миколайович,GenPu115@rambler.ru,65,0932713490,12081
702,Гудачек,Володимир,Іванович,epkRc122@hotmail.com,56,0509971807,10383
703,Дубишевський,Олег,Валерійович,gfPTj252@Outlook.com,37,0976882635,16330
704,Солтис,Сергій,Олександрович,BKbXa318@Outlook.com,23,0932791974,8321
705,Боровець,Дмитро,Миколайович,Plsam505@ukr.net,75,0975094923,22298
706,Матушевський,Артем,Юрійович,TkbUE662@rambler.ru,70,0671876023,16741
707,Бас,Андрій,Петрович,pMFXh621@Outlook.com,46,0938225768,8484
708,Поліщук,Олександр,Анатолійович,ATkjy773@i.ua,67,0503762333,15466
709,Мамчар,Віталій,Володимирович,QBiKl575@rambler.ru,67,0931770118,14308
710,Стасюк,Юрій,Олександрович,VMlRn255@Outlook.com,48,0938095582,19691
711,Покальчук,Тарас,Володимирович,HlmzL611@i.ua,39,0509585609,13578
712,Романюк,Петро,Миколайович,GHTBE177@hotmail.com,28,0937321687,14071
713,Омельчук,Юрій,Васильович,XaFuM127@gmail.com,72,0978923459,10050
714,Марченко,Руслан,Іванович,GjFtu936@ukr.net,37,0500127233,15649
715,Михальчук,Віталій,Володимирович,eREdk691@rambler.ru,22,0678485945,18416
716,Томайчук,Ярослав,Юрійович,KyNvR807@hotmail.com,25,0676513075,15762
717,Козярчук,Євгеній,Вячеславович,VTDIj620@ukr.net,74,0674271916,18437
718,Волинець,Михайло,Леонідович,jjzdl457@Outlook.com,61,0970426560,11509
719,Шперун,Федір,Іванович,rQTjL444@ukr.net,44,0935379521,8802
720,Ліснічук,Андрій,Петрович,NkvxT179@hotmail.com,56,0930227111,18547
721,Коліда,Віктор,Богданович,xiLni968@ukr.net,71,0938406747,19843
722,Корницький,Віталій,Миколайович,pPiYs965@Outlook.com,20,0978908855,19812
723,Яндульський,Сергій,Юрійович,OfMKt712@rambler.ru,55,0935863189,21002
724,Чугай,Геннадій,Феодосійович,cntPF182@ukr.net,62,0673408084,22670
725,Степанов,Тарас,Миколайович,MMRBe133@hotmail.com,30,0509070908,17806
726,Воронко,Тарас,Михайлович,kfamZ970@rambler.ru,32,0935430305,9824
727,Білань,Андрій,Євгенович,BFNEe157@rambler.ru,26,0937639788,9654
728,Кислюк,Андрій,Володимирович,PIMYi354@hotmail.com,52,0978197959,15303
729,Сердюк,Андрій,Юрійович,AvUYt333@i.ua,54,0679936974,18712
730,Новак,Олександр,Олександрович,DRQTE443@ukr.net,63,0506473926,19724
731,Самелюк,Григорій,Вікторович,AIFAl503@rambler.ru,47,0676988990,13802
732,Пашко,Андрій,Анатолійович,QvitT217@hotmail.com,62,0935809980,15353
733,Шрамко,Олександр,Валерійович,TsrVJ963@ukr.net,20,0979526456,20326
734,Терещук,Олексій,Анатолійович,OQajE234@rambler.ru,52,0937674481,17665
735,Какорін,Сергій,Анатолійович,slViC152@Outlook.com,55,0508414530,14890
736,Теслюк,Віктор,Петрович,nmhbn706@ukr.net,46,0932127353,8536
737,Морозик,Віктор,Сергійович,ApAlu382@Outlook.com,75,0500741259,23964
738,Сергійчук,Богдан,Григорович,hqXep369@ukr.net,62,0938483958,19949
739,Бабич,Ігор,Олексійович,jIgNn022@ukr.net,66,0500451069,9885
740,Самчук,Олександр,Сафанович,jUqTJ065@Outlook.com,31,0502824435,12999
741,Мартьянов,Ігор,Юрійович,XlsBm766@i.ua,66,0932340563,9113
742,Жакун,Володимир,Іванович,kPeog805@gmail.com,69,0505069801,21451
743,Степанов,Олексій,Володимирович,jtaRF323@gmail.com,56,0973900944,16754
744,Фесюк,Андрій,Миколайович,MeKQL630@rambler.ru,21,0504719592,13121
745,Бадзян,Олександр,Ігорович,LglnY930@rambler.ru,24,0670373553,20792
746,Кірійчук,Костянтин,Валерійович,EAkRb653@hotmail.com,26,0936816322,22651
749,Чумак,Руслан,Анатолійович,jmtJP583@i.ua,66,0675967624,11330
750,Поліщук,Сергій,Володимирович,NOCFd085@gmail.com,59,0936818707,18882
751,Романко,Прохор,Юрійович,ddfVA697@hotmail.com,66,0505141826,17854
752,Лукашко,Микола,Володимирович,cMuVu692@Outlook.com,26,0676858503,19547
753,Бузинарський,Михайло,Юрійович,IOmpB575@ukr.net,60,0930740502,13612
754,Голярчук,Андрій,Ростиславович,UhYCr809@Outlook.com,76,0934629029,10472
755,Рудюк,Віктор,Олександрович,dzold296@ukr.net,45,0679960190,8098
756,Онопрійчук,Олег,Васильович,SDeJV120@rambler.ru,74,0509319069,20811
757,Кравчук,Микола,Петрович,FnLJY782@hotmail.com,77,0972371772,9976
758,Ничепорук,Валерій,Миколайович,oxQXo390@Outlook.com,34,0971342086,19032
759,Блонський,Роман,Ігорович,iaIsp857@hotmail.com,50,0931643827,14774
760,Решетніков,Ярослав,Анатолійович,DzaOH482@hotmail.com,34,0934848252,24467
761,Козлюк,Сергій,Петрович,JJhNE723@ukr.net,58,0675362150,14320
762,Шкаралевич,Олег,Васильович,xGTne017@gmail.com,24,0673558774,12031
763,Похил,Андрій,Олексійович,LZHSV592@hotmail.com,60,0974748988,18241
764,Аврамчук,Вадим,Сергійович,SBykN110@ukr.net,56,0976927813,23134
765,Штеба,Роман,Юрійович,GZYIK976@i.ua,51,0938219613,17860
766,Симончук,Володимир,Володимирович,ljtax535@rambler.ru,55,0505398048,8364
767,Ковтун,Олексій,Миколайович,LdJnZ699@gmail.com,37,0505082337,23595
768,Конончук,Валентин,Олександрович,eNSEs738@rambler.ru,54,0975957261,20962
769,Коваль,Володимир,Михайлович,cgJNC083@i.ua,29,0677047245,12708
770,Муха,Юрій,Володимирович,UMHzF658@hotmail.com,64,0977316753,11401
771,Гузик,Володимир,Юрійович,gpmrg676@ukr.net,35,0507985009,10049
772,Раєвський,Олександр,Борисович,miyXC978@i.ua,68,0672237379,19794
773,Костельнюк,Роман,Олександрович,jbrvL809@ukr.net,70,0503333407,17315
774,Цись,Олександр,Сергійович,MSJXV602@rambler.ru,30,0672883034,24746
775,Масник,Ігор,Вікторович,tVfMY598@hotmail.com,33,0931268717,9002
776,Кірєєв,Євген,Олександрович,nenfZ888@ukr.net,67,0935508932,11105
777,Фесюк,Віктор,Миколайович,INMMh302@rambler.ru,65,0502756677,20149
778,Кравчук,Пилип,Антонович,pOspx689@Outlook.com,33,0970977473,17032
779,Гапонов,Сергій,Миколайович,toyjk993@gmail.com,54,0937254670,9182
780,Шах,Сергій,Володимирович,dTjKz721@ukr.net,52,0671491492,16160
781,Слободюк,Тарас,В’ячеславович,iVJqu821@i.ua,41,0974359372,16894
782,Ренкас,Василь,Степанович,RzVKG517@ukr.net,33,0670003188,22557
783,Кондратюк,Віталій,Вадимович,MGnJo435@hotmail.com,35,0935691264,21799
784,Купчак,Андрій,Леонідович,NIymP140@rambler.ru,62,0972802934,23057
786,Онісімчук,Олександр,Анатолійович,ihqen580@gmail.com,67,0970735349,18373
787,Ковальчук,Валерій,Володимирович,mKmmZ170@rambler.ru,72,0509578906,12378
788,Карпов,Андрій,Сергійович,TXibd313@gmail.com,53,0500026436,12738
789,Попов,Олексій,Євгенович,jJLLX188@Outlook.com,76,0973863657,20901
790,Чорнобай,Володимир,Миколайович,xjKhA461@i.ua,37,0973499677,20546
791,Романов,Роман,Миколайович,GJHgP899@i.ua,76,0501271913,21576
792,Паковський,Павло,Миколайович,AsAfB807@rambler.ru,23,0678838093,8325
793,Маюрніков,Ігор,Геннадійович,ODytB726@Outlook.com,63,0509207678,19187

